﻿<?xml version=\"1.0\" encoding=\"utf-8\"?><System>
  <Name>FB</Name>
  <Object Name=\"T_FB_CHARGEAPPLYMASTER\" Description=\"费用报销申请单\">
    \r\n  <Attribute Name=\"OrderTypeName\" Description=\"单据类型\" DataType=\"string\" DataValue=\"a3ff00fa-b44b-4bff-a128-81789d5a81a4\" />\r\n  <Attribute Name=\"CHARGEAPPLYMASTERID\" Description=\"单据ID\" DataType=\"string\" DataValue=\"a3ff00fa-b44b-4bff-a128-81789d5a81a4\" />\r\n  <Attribute Name=\"CHARGEAPPLYMASTERCODE\" Description=\"单据编号\" DataType=\"string\" DataValue=\"FYSQ_20110708000045\" />\r\n  <Attribute Name=\"CHECKSTATES\" Description=\"状态\" DataType=\"string\" DataValue=\"0\" />\r\n  <Attribute Name=\"CREATEUSERNAME\" Description=\"创建人\" DataType=\"string\" DataValue=\"赵剑辉\" />\r\n  <Attribute Name=\"CREATEDATE\" Description=\"创建时间\" DataType=\"datetime\" DataValue=\"2011/7/8 17:44:33\" />\r\n  <Attribute Name=\"T_FB_BORROWAPPLYMASTER\" Description=\"借款单\" DataType=\"string\" DataValue=\"\" />\r\n  <Attribute Name=\"BUDGETARYMONTH\" Description=\"预算月份\" DataType=
\"string\" DataValue=\"2011/7/1 0:00:00\" />\r\n  <Attribute Name=\"OWNERCOMPANYNAME\" Description=\"申请公司\" DataType=\"string\" DataValue=\"深圳市酷奇投资有限公司\" />\r\n  <Attribute Name=\"OWNERDEPARTMENTNAME\" Description=\"申请部门\" DataType=\"string\" DataValue=\"拓展部\" />\r\n  <Attribute Name=\"OWNERID\" Description=\"申请人ID\" DataType=\"string\" DataValue=\"64e68e75-afcf-48fe-9602-6e91a655372a\" />\r\n  <Attribute Name=\"OWNERNAME\" Description=\"申请人\" DataType=\"string\" DataValue=\"赵剑辉\" />\r\n  <Attribute Name=\"PAYTYPE\" Description=\"付款类型\" DataType=\"string\" DataValue=\"4\" />\r\n  <Attribute Name=\"REMARK\" Description=\"备注\" DataType=\"string\" DataValue=\"建筑装饰工程施工合同&#xD;（编号：SHBLKQ-1104 ）&#xD;建设单位： 上海市百利酷奇投资有限公司                （以下简称甲方）&#xD;施工单位： 上海隆都建筑安装工程有限公司               （以下简称乙方）&#xD;&#xD;甲、乙双方本着平等权利、协商一致的原则，根据《中华人民共和国合同法》和《建筑法》条款的原则精神及国家颁布的有关法令和法规，特订立本工程施工承包合同，以资双方共同遵守。&#xD;第一条      工程概况&#xD;1.1 工程名称： Queen’s Market江桥万达店 &#xD;1.2 工程地址:上海市嘉定区鹤友路336弄54号2层2011 2012室。&#xD;1.3 承包范围：室内装饰、电器安装等     &#xD;1.4 承包方式：
双包    &#xD;1.5 合同工期：2011年4 月 16日开工至 2011年 5月15日&#xD;1.6 合同价款：（人民币大写）三十五万元整。 &#xD;1.7 建筑面积：153平方&#xD;第二条      甲方工作&#xD;2.1 向乙方提供施工所需的水、电、气及电讯设备。办理施工所涉及的各种申请、批准手续。&#xD;2.2 指派 赵剑辉 为甲方驻工地代表，负责合同履行。对工程质量、进度进行监督检查，办理验收、变更、登记手续和其他事宜。&#xD;2.3 如确定需要拆迁原建筑物结构或设备管线，负责到有关部门办理相应审批手续。&#xD;第三条      乙方工作&#xD;3.1 编制施工图并需得到甲方的确认；参加甲方组织的设计施工图纸现场交底，拟定施工方案和工程进度计划，交甲方审定。&#xD;3.2 指派崔建发为乙方驻工地代表，负责合同履行，按要求组织施工，保质、保量、按期完成施工任务，解决由乙方负责的各项事宜。&#xD;3.3 严格执行施工规范、安全操作规程、防火安全规定、环境保护规定。严格按照图纸进行施工，做好各项质量检查记录，参加竣工验收，编制工程结算。&#xD;3.4 施工中未经甲方同意或有关部门批准，不得随意拆改建筑物结构及各种设备管线。&#xD;3.5 工程竣工未移交甲方之前，负责对现场的一切设施和工程成品进行保护。&#xD;第四条      关于工期约定&#xD;4.1 本合同的工程工期为30天。以开工日期开始计算，并推算竣工日期。&#xD;4.2 因甲方原因影响工期，工期可顺延。&#xD;4.3 因乙方责任不能按期开工或中途无故停工，影响工期，工期不顺延，按每天以合同价款的千分之二承担违约金。&#xD;4.4 因设计变更或非乙方原因造成的停电、停水、停气及不可抗力因素影响，导致停工8小时以上（一周内累积计算），工期相应顺延。&#xD;6.9 工程款支付方法&#xD;6.9.1合同签订，乙方项目经理到位，工程款支付至合同总价的30%，计人民币（大写） 十万零五千  元。&#xD; 6.9.2甲方在工程竣工并质量验收合格后柒日内支付至合同总价的60%于乙方，&#xD;      计人民币（大写）十万零五千   元。&#xD;6.9.3工程审价工作结束后，甲方支付工程款付给乙方至工程审定总造价的95%。&#xD;6.9.4 工程保修期为一年。保修期满后，甲方将剩余的5%工程款（保修金）一次性支付给
乙方。如在此期间内发生需维修的情况（纳入乙方保修范围），乙方有义务及时进行无偿修理，否则甲方有权自行另寻途径解决，所发生费用从保修金中扣除。&#xD;&#xD;\" />\r\n  <Attribute Name=\"TOTALMONEY\" Description=\"总金额\" DataType=\"decimal\" DataValue=\"105000\" />\r\n  <Attribute Name=\"POSTLEVEL\" Description=\"岗位级别\" DataType=\"decimal\" DataValue=\"17\" />\r\n  <Attribute Name=\"BorrowedMoney\" Description=\"已借款金额\" DataType=\"decimal\" DataValue=\"0\" />\r\n  <Attribute Name=\"TravelMoney\" Description=\"差旅费\" DataType=\"decimal\" DataValue=\"0\" />\r\n  <Attribute Name=\"EntertainmentMoney\" Description=\"招待费\" DataType=\"decimal\" DataValue=\"0\" />\r\n
  </Object>
</System>